/*insert school*/
INSERT INTO  SCHOOL_TABLE(ID, ADDRESS, CITY, MAX_CLASS_GRADE, NAME, PINCODE) VALUES(1, 'kr puram', 'bengaluru', 10, 'vibgyor', 560036);
INSERT INTO  SCHOOL_TABLE(ID, ADDRESS, CITY, MAX_CLASS_GRADE, NAME, PINCODE) VALUES(2, 'RM nagar', 'bengaluru', 10, 'chinmaya', 560016);
INSERT INTO  SCHOOL_TABLE(ID, ADDRESS, CITY, MAX_CLASS_GRADE, NAME, PINCODE) VALUES(3, 'indiranagar', 'bengaluru', 10, 'DPS', 560006);
INSERT INTO  SCHOOL_TABLE(ID, ADDRESS, CITY, MAX_CLASS_GRADE, NAME, PINCODE) VALUES(4, 'jp nagar', 'bengaluru', 10, 'vikas', 560136);

/*insert class*/
INSERT INTO  CLASS_TABLE(ID, GRADE, SCHOOL_ID)VALUES(1, 1, 1);
INSERT INTO  CLASS_TABLE(ID, GRADE, SCHOOL_ID)VALUES(2, 2, 1);
INSERT INTO  CLASS_TABLE(ID, GRADE, SCHOOL_ID)VALUES(3, 1, 2);
INSERT INTO  CLASS_TABLE(ID, GRADE, SCHOOL_ID)VALUES(4, 2, 2);
INSERT INTO  CLASS_TABLE(ID, GRADE, SCHOOL_ID)VALUES(5, 1, 3);
INSERT INTO  CLASS_TABLE(ID, GRADE, SCHOOL_ID)VALUES(6, 2, 3);
INSERT INTO  CLASS_TABLE(ID, GRADE, SCHOOL_ID)VALUES(7, 1, 4);
INSERT INTO  CLASS_TABLE(ID, GRADE, SCHOOL_ID)VALUES(8, 2, 4);

/*insert section*/
INSERT INTO  SECTION_TABLE(ID, NAME, CLS_ID)VALUES(1, 'A', 1);
INSERT INTO  SECTION_TABLE(ID, NAME, CLS_ID)VALUES(2, 'B', 1);
INSERT INTO  SECTION_TABLE(ID, NAME, CLS_ID)VALUES(3, 'A', 2);
INSERT INTO  SECTION_TABLE(ID, NAME, CLS_ID)VALUES(4, 'B', 2);
INSERT INTO  SECTION_TABLE(ID, NAME, CLS_ID)VALUES(5, 'A', 3);
INSERT INTO  SECTION_TABLE(ID, NAME, CLS_ID)VALUES(6, 'B', 3);
INSERT INTO  SECTION_TABLE(ID, NAME, CLS_ID)VALUES(7, 'A', 4);
INSERT INTO  SECTION_TABLE(ID, NAME, CLS_ID)VALUES(8, 'B', 4);
INSERT INTO  SECTION_TABLE(ID, NAME, CLS_ID)VALUES(9, 'A', 5);
INSERT INTO  SECTION_TABLE(ID, NAME, CLS_ID)VALUES(10, 'B', 5);
INSERT INTO  SECTION_TABLE(ID, NAME, CLS_ID)VALUES(11, 'A', 6);
INSERT INTO  SECTION_TABLE(ID, NAME, CLS_ID)VALUES(12, 'B', 6);
INSERT INTO  SECTION_TABLE(ID, NAME, CLS_ID)VALUES(13, 'A', 7);
INSERT INTO  SECTION_TABLE(ID, NAME, CLS_ID)VALUES(14, 'B', 7);
INSERT INTO  SECTION_TABLE(ID, NAME, CLS_ID)VALUES(15, 'A', 8);
INSERT INTO  SECTION_TABLE(ID, NAME, CLS_ID)VALUES(16, 'B', 8);

/*insert group*/
INSERT INTO  GROUP_TABLE(ID, NAME, "SIZE", SECTION_ID, CLS_ID)VALUES(1, 'AAA', 2, 1, 1);
INSERT INTO  GROUP_TABLE(ID, NAME, "SIZE", SECTION_ID, CLS_ID)VALUES(2, 'BBB', 2, 1, 1);
INSERT INTO  GROUP_TABLE(ID, NAME, "SIZE", SECTION_ID, CLS_ID)VALUES(3, 'CCC', 2, 2, 1);
INSERT INTO  GROUP_TABLE(ID, NAME, "SIZE", SECTION_ID, CLS_ID)VALUES(4, 'DDD', 2, 2, 1);
INSERT INTO  GROUP_TABLE(ID, NAME, "SIZE", SECTION_ID, CLS_ID)VALUES(5, 'EEE', 2, 3, 2);
INSERT INTO  GROUP_TABLE(ID, NAME, "SIZE", SECTION_ID, CLS_ID)VALUES(6, 'FFF', 2, 3, 2);
INSERT INTO  GROUP_TABLE(ID, NAME, "SIZE", SECTION_ID, CLS_ID)VALUES(7, 'GGG', 2, 4, 2);
INSERT INTO  GROUP_TABLE(ID, NAME, "SIZE", SECTION_ID, CLS_ID)VALUES(8, 'HHH', 2, 4, 2);
INSERT INTO  GROUP_TABLE(ID, NAME, "SIZE", SECTION_ID, CLS_ID)VALUES(9, 'III', 2, 5, 3);
INSERT INTO  GROUP_TABLE(ID, NAME, "SIZE", SECTION_ID, CLS_ID)VALUES(10, 'JJJ', 2, 5, 3);
INSERT INTO  GROUP_TABLE(ID, NAME, "SIZE", SECTION_ID, CLS_ID)VALUES(11, 'KKK', 2, 6, 3);
INSERT INTO  GROUP_TABLE(ID, NAME, "SIZE", SECTION_ID, CLS_ID)VALUES(12, 'LLL', 2, 6, 3);
INSERT INTO  GROUP_TABLE(ID, NAME, "SIZE", SECTION_ID, CLS_ID)VALUES(13, 'MMM', 2, 7, 4);
INSERT INTO  GROUP_TABLE(ID, NAME, "SIZE", SECTION_ID, CLS_ID)VALUES(14, 'NNN', 2, 7, 4);
INSERT INTO  GROUP_TABLE(ID, NAME, "SIZE", SECTION_ID, CLS_ID)VALUES(15, 'OOO', 2, 8, 4);
INSERT INTO  GROUP_TABLE(ID, NAME, "SIZE", SECTION_ID, CLS_ID)VALUES(16, 'PPP', 2, 8, 4);
INSERT INTO  GROUP_TABLE(ID, NAME, "SIZE", SECTION_ID, CLS_ID)VALUES(17, 'QQQ', 2, 9, 5);
INSERT INTO  GROUP_TABLE(ID, NAME, "SIZE", SECTION_ID, CLS_ID)VALUES(18, 'RRR', 2, 9, 5);
INSERT INTO  GROUP_TABLE(ID, NAME, "SIZE", SECTION_ID, CLS_ID)VALUES(19, 'SSS', 2, 10, 5);
INSERT INTO  GROUP_TABLE(ID, NAME, "SIZE", SECTION_ID, CLS_ID)VALUES(20, 'TTT', 2, 10, 5);
INSERT INTO  GROUP_TABLE(ID, NAME, "SIZE", SECTION_ID, CLS_ID)VALUES(21, 'UUU', 2, 11, 6);
INSERT INTO  GROUP_TABLE(ID, NAME, "SIZE", SECTION_ID, CLS_ID)VALUES(22, 'VVV', 2, 11, 6);
INSERT INTO  GROUP_TABLE(ID, NAME, "SIZE", SECTION_ID, CLS_ID)VALUES(23, 'WWW', 2, 12, 6);
INSERT INTO  GROUP_TABLE(ID, NAME, "SIZE", SECTION_ID, CLS_ID)VALUES(24, 'XXX', 2, 12, 6);
INSERT INTO  GROUP_TABLE(ID, NAME, "SIZE", SECTION_ID, CLS_ID)VALUES(25, 'YYY', 2, 13, 7);
INSERT INTO  GROUP_TABLE(ID, NAME, "SIZE", SECTION_ID, CLS_ID)VALUES(26, 'ZZZ', 2, 13, 7);
INSERT INTO  GROUP_TABLE(ID, NAME, "SIZE", SECTION_ID, CLS_ID)VALUES(27, '111', 2, 14, 7);
INSERT INTO  GROUP_TABLE(ID, NAME, "SIZE", SECTION_ID, CLS_ID)VALUES(28, '222', 2, 14, 7);
INSERT INTO  GROUP_TABLE(ID, NAME, "SIZE", SECTION_ID, CLS_ID)VALUES(29, '333', 2, 15, 8);
INSERT INTO  GROUP_TABLE(ID, NAME, "SIZE", SECTION_ID, CLS_ID)VALUES(30, '444', 2, 15, 8);
INSERT INTO  GROUP_TABLE(ID, NAME, "SIZE", SECTION_ID, CLS_ID)VALUES(31, '555', 2, 16, 8);
INSERT INTO  GROUP_TABLE(ID, NAME, "SIZE", SECTION_ID, CLS_ID)VALUES(32, '666', 2, 16, 8);

/*insert student*/
INSERT INTO  STUDENT_TABLE(ID, ADDRESS, CASTE, CITY, GENDER, JOINING_DATE, NAME, PINCODE, RELIGION, ROLL_NUMBER, CLS_ID, GROUP_ID, SCHOOL_ID, SECTION_ID)
VALUES(1, 'bangalore', 'Hindu', 'Bangalore', 'Male', '2019-03-01', 'Rahul', 568956, 'Hindu', 101, 1, 1, 1, 1);
INSERT INTO  STUDENT_TABLE(ID, ADDRESS, CASTE, CITY, GENDER, JOINING_DATE, NAME, PINCODE, RELIGION, ROLL_NUMBER, CLS_ID, GROUP_ID, SCHOOL_ID, SECTION_ID)
VALUES(2, 'Mysore', 'Hindu', 'Mysore', 'Male', '2019-03-02', 'Sohal', 526523, 'Hindu', 102, 1, 1, 1, 1);
INSERT INTO  STUDENT_TABLE(ID, ADDRESS, CASTE, CITY, GENDER, JOINING_DATE, NAME, PINCODE, RELIGION, ROLL_NUMBER, CLS_ID, GROUP_ID, SCHOOL_ID, SECTION_ID)
VALUES(3, 'Banaglore', 'Hindu', 'Banaglore', 'Male', '2019-03-03', 'Ram', 584569, 'Hindu', 103, 1, 1, 1, 1);
INSERT INTO  STUDENT_TABLE(ID, ADDRESS, CASTE, CITY, GENDER, JOINING_DATE, NAME, PINCODE, RELIGION, ROLL_NUMBER, CLS_ID, GROUP_ID, SCHOOL_ID, SECTION_ID)
VALUES(4, 'Banaglore', 'Hindu', 'Banaglore', 'Male', '2019-03-04', 'Shyam', 658956, 'Hindu', 104, 1, 1, 1, 1);
INSERT INTO  STUDENT_TABLE(ID, ADDRESS, CASTE, CITY, GENDER, JOINING_DATE, NAME, PINCODE, RELIGION, ROLL_NUMBER, CLS_ID, GROUP_ID, SCHOOL_ID, SECTION_ID)
VALUES(5, 'Banaglore', 'Hindu', 'Banaglore', 'Male', '2019-03-04', 'Sundar', 652356, 'Hindu', 105, 1, 1, 1, 1);
INSERT INTO  STUDENT_TABLE(ID, ADDRESS, CASTE, CITY, GENDER, JOINING_DATE, NAME, PINCODE, RELIGION, ROLL_NUMBER, CLS_ID, GROUP_ID, SCHOOL_ID, SECTION_ID)
VALUES(6, 'Banaglore', 'Hindu', 'Banaglore', 'Male', '2019-03-05', 'Gouri', 568956, 'Hindu', 106, 1, 1, 1, 1);
INSERT INTO  STUDENT_TABLE(ID, ADDRESS, CASTE, CITY, GENDER, JOINING_DATE, NAME, PINCODE, RELIGION, ROLL_NUMBER, CLS_ID, GROUP_ID, SCHOOL_ID, SECTION_ID)
VALUES(7, 'Banaglore', 'Hindu', 'Banaglore', 'Male', '2019-03-06', 'Mallesh', 658963, 'Hindu', 107, 1, 1, 1, 1);
INSERT INTO  STUDENT_TABLE(ID, ADDRESS, CASTE, CITY, GENDER, JOINING_DATE, NAME, PINCODE, RELIGION, ROLL_NUMBER, CLS_ID, GROUP_ID, SCHOOL_ID, SECTION_ID)
VALUES(8, 'Hubli', 'Hindu', 'Hubli', 'Male', '2019-03-07', 'Prakash', 632541, 'Hindu', 108, 1, 1, 1, 1);
INSERT INTO  STUDENT_TABLE(ID, ADDRESS, CASTE, CITY, GENDER, JOINING_DATE, NAME, PINCODE, RELIGION, ROLL_NUMBER, CLS_ID, GROUP_ID, SCHOOL_ID, SECTION_ID)
VALUES(9, 'Bagalkot', 'Hindu', 'Bagalkot', 'Male', '2019-03-08', 'Anil', 565656, 'Hindu', 109, 1, 1, 1, 1);
INSERT INTO  STUDENT_TABLE(ID, ADDRESS, CASTE, CITY, GENDER, JOINING_DATE, NAME, PINCODE, RELIGION, ROLL_NUMBER, CLS_ID, GROUP_ID, SCHOOL_ID, SECTION_ID)
VALUES(10, 'Mumbai', 'Hindu', 'Mumbai', 'Male', '2019-03-09', 'Kailash', 658956, 'Hindu', 110, 1, 1, 1, 1);
INSERT INTO  STUDENT_TABLE(ID, ADDRESS, CASTE, CITY, GENDER, JOINING_DATE, NAME, PINCODE, RELIGION, ROLL_NUMBER, CLS_ID, GROUP_ID, SCHOOL_ID, SECTION_ID)
VALUES(11, 'Bangalore', 'Hindu', 'bangalore', 'Male', '2019-03-10', 'Arun', 562353, 'Hindu', 111, 1, 1, 1, 1);

/*insert performance*/
INSERT INTO  PERFORMANCE_PARAM_TABLE(ID, "DATE", DISCIPLINE, HOME_WORK, ATTENDANCE, CLS_ID, GROUP_ID, SECTION_ID, STUDENT_ID)
VALUES(1, '2019-01-01', false, false, false, 1, 1, 1, 1);
INSERT INTO  PERFORMANCE_PARAM_TABLE(ID, "DATE", DISCIPLINE, HOME_WORK, ATTENDANCE, CLS_ID, GROUP_ID, SECTION_ID, STUDENT_ID)
VALUES(2, '2019-01-02', true, true, true, 1, 1, 1, 1);
INSERT INTO  PERFORMANCE_PARAM_TABLE(ID, "DATE", DISCIPLINE, HOME_WORK, ATTENDANCE, CLS_ID, GROUP_ID, SECTION_ID, STUDENT_ID)
VALUES(3, '2019-01-03', true, true, true, 1, 1, 1, 1);
INSERT INTO  PERFORMANCE_PARAM_TABLE(ID, "DATE", DISCIPLINE, HOME_WORK, ATTENDANCE, CLS_ID, GROUP_ID, SECTION_ID, STUDENT_ID)
VALUES(4, '2019-01-04', true, false, true, 1, 1, 1, 1);
INSERT INTO  PERFORMANCE_PARAM_TABLE(ID, "DATE", DISCIPLINE, HOME_WORK, ATTENDANCE, CLS_ID, GROUP_ID, SECTION_ID, STUDENT_ID)
VALUES(5, '2019-01-05', true, false, false, 1, 1, 1, 1);
INSERT INTO  PERFORMANCE_PARAM_TABLE(ID, "DATE", DISCIPLINE, HOME_WORK, ATTENDANCE, CLS_ID, GROUP_ID, SECTION_ID, STUDENT_ID)
VALUES(6, '2019-01-06', true, false, true, 1, 1, 1, 1);
INSERT INTO  PERFORMANCE_PARAM_TABLE(ID, "DATE", DISCIPLINE, HOME_WORK, ATTENDANCE, CLS_ID, GROUP_ID, SECTION_ID, STUDENT_ID)
VALUES(7, '2019-01-07', true, false, false, 1, 1, 1, 1);
INSERT INTO  PERFORMANCE_PARAM_TABLE(ID, "DATE", DISCIPLINE, HOME_WORK, ATTENDANCE, CLS_ID, GROUP_ID, SECTION_ID, STUDENT_ID)
VALUES(8, '2019-01-08', true, true, true, 1, 1, 1, 1);
INSERT INTO  PERFORMANCE_PARAM_TABLE(ID, "DATE", DISCIPLINE, HOME_WORK, ATTENDANCE, CLS_ID, GROUP_ID, SECTION_ID, STUDENT_ID)
VALUES(9, '2019-01-09', true, true, true, 1, 1, 1, 1);
INSERT INTO  PERFORMANCE_PARAM_TABLE(ID, "DATE", DISCIPLINE, HOME_WORK, ATTENDANCE, CLS_ID, GROUP_ID, SECTION_ID, STUDENT_ID)
VALUES(10, '2019-01-10', true, true, true, 1, 1, 1, 1);
INSERT INTO  PERFORMANCE_PARAM_TABLE(ID, "DATE", DISCIPLINE, HOME_WORK, ATTENDANCE, CLS_ID, GROUP_ID, SECTION_ID, STUDENT_ID)
VALUES(11, '2019-01-11', false, false, false, 1, 1, 1, 1);
INSERT INTO  PERFORMANCE_PARAM_TABLE(ID, "DATE", DISCIPLINE, HOME_WORK, ATTENDANCE, CLS_ID, GROUP_ID, SECTION_ID, STUDENT_ID)
VALUES(12, '2019-01-12', true, false, true, 1, 1, 1, 1);
INSERT INTO  PERFORMANCE_PARAM_TABLE(ID, "DATE", DISCIPLINE, HOME_WORK, ATTENDANCE, CLS_ID, GROUP_ID, SECTION_ID, STUDENT_ID)
VALUES(13, '2019-01-13', true, true, true, 1, 1, 1, 1);
INSERT INTO  PERFORMANCE_PARAM_TABLE(ID, "DATE", DISCIPLINE, HOME_WORK, ATTENDANCE, CLS_ID, GROUP_ID, SECTION_ID, STUDENT_ID)
VALUES(14, '2019-01-14', true, false, false, 1, 1, 1, 1);
INSERT INTO  PERFORMANCE_PARAM_TABLE(ID, "DATE", DISCIPLINE, HOME_WORK, ATTENDANCE, CLS_ID, GROUP_ID, SECTION_ID, STUDENT_ID)
VALUES(15, '2019-01-15', true, true, true, 1, 1, 1, 1);
INSERT INTO  PERFORMANCE_PARAM_TABLE(ID, "DATE", DISCIPLINE, HOME_WORK, ATTENDANCE, CLS_ID, GROUP_ID, SECTION_ID, STUDENT_ID)
VALUES(16, '2019-01-16', true, false, false, 1, 1, 1, 1);
INSERT INTO  PERFORMANCE_PARAM_TABLE(ID, "DATE", DISCIPLINE, HOME_WORK, ATTENDANCE, CLS_ID, GROUP_ID, SECTION_ID, STUDENT_ID)
VALUES(17, '2019-01-17', true, true, true, 1, 1, 1, 1);
INSERT INTO  PERFORMANCE_PARAM_TABLE(ID, "DATE", DISCIPLINE, HOME_WORK, ATTENDANCE, CLS_ID, GROUP_ID, SECTION_ID, STUDENT_ID)
VALUES(18, '2019-01-18', true, true, true, 1, 1, 1, 1);
INSERT INTO  PERFORMANCE_PARAM_TABLE(ID, "DATE", DISCIPLINE, HOME_WORK, ATTENDANCE, CLS_ID, GROUP_ID, SECTION_ID, STUDENT_ID)
VALUES(19, '2019-01-19', true, true, true, 1, 1, 1, 1);
INSERT INTO  PERFORMANCE_PARAM_TABLE(ID, "DATE", DISCIPLINE, HOME_WORK, ATTENDANCE, CLS_ID, GROUP_ID, SECTION_ID, STUDENT_ID)
VALUES(20, '2019-01-20', true, false, true, 1, 1, 1, 1);
INSERT INTO  PERFORMANCE_PARAM_TABLE(ID, "DATE", DISCIPLINE, HOME_WORK, ATTENDANCE, CLS_ID, GROUP_ID, SECTION_ID, STUDENT_ID)
VALUES(21, '2019-01-21', true, false, false, 1, 1, 1, 1);
INSERT INTO  PERFORMANCE_PARAM_TABLE(ID, "DATE", DISCIPLINE, HOME_WORK, ATTENDANCE, CLS_ID, GROUP_ID, SECTION_ID, STUDENT_ID)
VALUES(22, '2019-01-22', false, false, false, 1, 1, 1, 1);
INSERT INTO  PERFORMANCE_PARAM_TABLE(ID, "DATE", DISCIPLINE, HOME_WORK, ATTENDANCE, CLS_ID, GROUP_ID, SECTION_ID, STUDENT_ID)
VALUES(23, '2019-01-23', true, true, true, 1, 1, 1, 1);
INSERT INTO  PERFORMANCE_PARAM_TABLE(ID, "DATE", DISCIPLINE, HOME_WORK, ATTENDANCE, CLS_ID, GROUP_ID, SECTION_ID, STUDENT_ID)
VALUES(24, '2019-01-24', true, true, true, 1, 1, 1, 1);
INSERT INTO  PERFORMANCE_PARAM_TABLE(ID, "DATE", DISCIPLINE, HOME_WORK, ATTENDANCE, CLS_ID, GROUP_ID, SECTION_ID, STUDENT_ID)
VALUES(25, '2019-01-25', true, true, true, 1, 1, 1, 1);
INSERT INTO  PERFORMANCE_PARAM_TABLE(ID, "DATE", DISCIPLINE, HOME_WORK, ATTENDANCE, CLS_ID, GROUP_ID, SECTION_ID, STUDENT_ID)
VALUES(26, '2019-01-26', false, false, true, 1, 1, 1, 1);
INSERT INTO  PERFORMANCE_PARAM_TABLE(ID, "DATE", DISCIPLINE, HOME_WORK, ATTENDANCE, CLS_ID, GROUP_ID, SECTION_ID, STUDENT_ID)
VALUES(27, '2019-01-27', true, true, true, 1, 1, 1, 1);
INSERT INTO  PERFORMANCE_PARAM_TABLE(ID, "DATE", DISCIPLINE, HOME_WORK, ATTENDANCE, CLS_ID, GROUP_ID, SECTION_ID, STUDENT_ID)
VALUES(28, '2019-01-28', true, true, true, 1, 1, 1, 1);
INSERT INTO  PERFORMANCE_PARAM_TABLE(ID, "DATE", DISCIPLINE, HOME_WORK, ATTENDANCE, CLS_ID, GROUP_ID, SECTION_ID, STUDENT_ID)
VALUES(29, '2019-01-29', true, false, false, 1, 1, 1, 1);
INSERT INTO  PERFORMANCE_PARAM_TABLE(ID, "DATE", DISCIPLINE, HOME_WORK, ATTENDANCE, CLS_ID, GROUP_ID, SECTION_ID, STUDENT_ID)
VALUES(30, '2019-01-30', false, false, true, 1, 1, 1, 1);
INSERT INTO  PERFORMANCE_PARAM_TABLE(ID, "DATE", DISCIPLINE, HOME_WORK, ATTENDANCE, CLS_ID, GROUP_ID, SECTION_ID, STUDENT_ID)
VALUES(31, '2019-01-31', true, true, true, 1, 1, 1, 1);

/*insert holidays*/
INSERT INTO  HOLIDAY_TABLE(ID, "DATE", DETAILS, IS_PUBLIC_HOLIDAY)VALUES(1, '2019-03-10', 'Sunday', TRUE);
INSERT INTO  HOLIDAY_TABLE(ID, "DATE", DETAILS, IS_PUBLIC_HOLIDAY)VALUES(2, '2019-03-16', 'Saturday', TRUE);
INSERT INTO  HOLIDAY_TABLE(ID, "DATE", DETAILS, IS_PUBLIC_HOLIDAY)VALUES(3, '2019-03-17', 'Sunday', TRUE);
INSERT INTO  HOLIDAY_TABLE(ID, "DATE", DETAILS, IS_PUBLIC_HOLIDAY)VALUES(4, '2019-03-09', 'Saturday', TRUE);
INSERT INTO  HOLIDAY_TABLE(ID, "DATE", DETAILS, IS_PUBLIC_HOLIDAY)VALUES(5, '2019-01-05', 'saturday', TRUE);
INSERT INTO  HOLIDAY_TABLE(ID, "DATE", DETAILS, IS_PUBLIC_HOLIDAY)VALUES(6, '2019-01-06', 'Sunday', TRUE);
INSERT INTO  HOLIDAY_TABLE(ID, "DATE", DETAILS, IS_PUBLIC_HOLIDAY)VALUES(7, '2019-01-12', 'saturday', TRUE);
INSERT INTO  HOLIDAY_TABLE(ID, "DATE", DETAILS, IS_PUBLIC_HOLIDAY)VALUES(8, '2019-01-13', 'Sunday', TRUE);
INSERT INTO  HOLIDAY_TABLE(ID, "DATE", DETAILS, IS_PUBLIC_HOLIDAY)VALUES(9, '2019-01-19', 'saturday', TRUE);
INSERT INTO  HOLIDAY_TABLE(ID, "DATE", DETAILS, IS_PUBLIC_HOLIDAY)VALUES(10, '2019-01-20', 'Sunday', TRUE);
INSERT INTO  HOLIDAY_TABLE(ID, "DATE", DETAILS, IS_PUBLIC_HOLIDAY)VALUES(11, '2019-01-26', 'saturday', TRUE);
INSERT INTO  HOLIDAY_TABLE(ID, "DATE", DETAILS, IS_PUBLIC_HOLIDAY)VALUES(12, '2019-01-27', 'Sunday', TRUE);
